{"cameraMode":{"drawMode":0,"name":"Shaded","section":"Shading Mode"},"sceneLighting":true,"audioPlay":false,"sceneViewState":{"m_AlwaysRefresh":false,"showFog":true,"showSkybox":true,"showFlares":true,"showImageEffects":true,"showParticleSystems":true,"showVisualEffectGraphs":true,"m_FxEnabled":true},"in2DMode":false,"pivot":{"x":8.884218215942383,"y":-14.75131607055664,"z":-2.5736289024353029},"rotation":{"x":-0.012453707866370678,"y":0.09495086967945099,"z":0.0009137664455920458,"w":-0.9956576824188232},"size":17.44723892211914,"orthographic":true}