{"cameraMode":{"drawMode":0,"name":"Shaded","section":"Shading Mode"},"sceneLighting":true,"audioPlay":false,"sceneViewState":{"m_AlwaysRefresh":false,"showFog":true,"showSkybox":true,"showFlares":true,"showImageEffects":true,"showParticleSystems":true,"showVisualEffectGraphs":true,"m_FxEnabled":true},"in2DMode":false,"pivot":{"x":6.927035331726074,"y":-0.8248462677001953,"z":-12.385473251342774},"rotation":{"x":0.0041892267763614658,"y":0.0020595763344317676,"z":0.0016050953418016434,"w":-1.0001744031906129},"size":28.495594024658204,"orthographic":true}